daihatsu,otro
subaru,otro
volvo,otro
galloper,otro
gmc chevette,otro
salto,otro
hermann,otro
bonano,otro
helvetica,otro
rutera,otro
lifan,otro
ram,otro
tata,otro
randon,otro
opel,otro
agrale,otro
montenegro,otro
petinari,otro
smart,otro
gmc,otro
ast-pra,otro
pincen,otro
el detalle,otro
rastrojero diesel,otro
cormetal,otro
dacia,otro
deutz-agrale,otro
ds,otro
mic,otro
fruehauf,otro
lada,otro
porsche,otro
a.f.f.,otro
maldonado,otro
sola y brusa,otro
dfm,otro
dfsk,otro
gomatro,otro
rimek,otro
torino,otro
astivia,otro
el fierro,otro
general motors,otro
golondrina,otro
grassani,otro
innocenti,otro
lambert,otro
patronelli,otro
polaris,otro
saab,otro
trenquemolque,otro
asia,otro
comar,otro
gamma,otro
montebras,otro
ombu,otro
pluscarga,otro
aeolus,otro
aro,otro
baic,otro
bedford,otro
depaoli,otro
el grillo,otro
fangio,otro
freightliner,otro
jac,otro
manque,otro
nakai,otro
oltcit,otro
pratti,otro
proton,otro
rambler ika,otro
ranault,otro
saab scania,otro
sanxing,otro
aff,otro
aiello,otro
arctic cat,otro
belgrano met.bel.srl,otro
changan,otro
ciadea sa,otro
continental,otro
coquito,otro
crescente,otro
di tella,otro
dimex,otro
dong feng,otro
duna sdl 1.3,otro
facchini,otro
fargo,otro
fso,otro
furgon,otro
gaz,otro
geely,otro
grosspal,otro
gruas san blas,otro
h.c. mancini,otro
h.e.martellono,otro
heil,otro
iderol,otro
indecar,otro
integral,otro
international manufacture,otro
jmc,otro
lexus,otro
liaz,otro
lomac,otro
luis iglesias,otro
mactrail,otro
marcelini,otro
maruti,otro
milei,otro
montrailer,otro
morales,otro
navatuc nt,otro
nino jesus de praga,otro
noma,otro
pick up,otro
prati,otro
rambler-ika,otro
romapar,otro
samsung,otro
santana,otro
saturni,otro
seat cordoba azul,otro
sevel,otro
shineray,otro
star,otro
t.m.,otro
torresi,otro
ultrans,otro
vulcano,otro
vw,otro
vw senda nafta,otro
willys,otro
yuejin,otro