Mercedes-Benz,Mercedes Benz
Mercedes  Benz,Mercedes Benz
Mecedez Benz,Mercedes Benz
Mercedes  Benz,Mercedes Benz
Mercedez Benz,Mercedes Benz
Chevroelt,Chevrolet
Chevroler,Chevrolet
Chewvrolet,Chevrolet
GMC Chevrolet,Chevrolet
Cherolet,Chevrolet
Fiar,Fiat
044 Fiat,Fiat
Fiat (044),Fiat
Fiat 147 Spazio TR,Fiat
Fiat 649,Fiat
Fiat.,Fiat
Fiat.-,Fiat
Fiat3,Fiat
.PEUGEOT,PEUGEOT
3PEUGEOT,PEUGEOT
PEUGEOT (010),PEUGEOT
PEUGEOT (039),PEUGEOT
PEUGEOT 306,PEUGEOT
PEUGEOT 549,PEUGEOT
PEUGEOT 505,PEUGEOT
PEUGET,PEUGEOT
PEUGETO,PEUGEOT
.TOYOTA,TOYOTA
TOYOTA (030),TOYOTA
VOLKSWAGEN (136),VOLKSWAGEN
VOLSKWAGEN,VOLKSWAGEN
VOLKSWGEN,VOLKSWAGEN
VOLKKSWAGEN,VOLKSWAGEN
136-VOLKSWAGEN,VOLKSWAGEN
VOLSWAGEN,VOLKSWAGEN
VOLKSAGEN,VOLKSWAGEN
VOLKWAGEN,VOLKSWAGEN
VOLKSWAGEN (034),VOLKSWAGEN
VOLKSWAGEN/MARCOPOLO,VOLKSWAGEN
VOLKSWAGN,VOLKSWAGEN
VOLKSWGAEN,VOLKSWAGEN
EGA098VOLKSWAGEN,VOLKSWAGEN
VOKKSWAGEN,VOLKSWAGEN
VOKSWAGEN,VOLKSWAGEN
VLKSWAGEN,VOLKSWAGEN
WOLKSWAGEN,VOLKSWAGEN
FORD F-100,FORD
FORD FALCON,FORD
FOTON,FORD
19 - FORD,FORD
FORD F-100 XLT,FORD
FORD (047),FORD
FORS,FORD
SUZUKI SWIFT SEDAN NLX,SUZUKI 
ZUZUKI,SUZUKI 
SUZUKI SWIFT GTI,SUZUKI 
SUZUKI SWIFT  SEDAN NLX,SUZUKI 
SUZUKI CARRY,SUZUKI 
SUZUKI SWIFT SEDAN GLX,SUZUKI 
127 SUZUKI,SUZUKI 
SUZUKI SWIFT SEDAN NL,SUZUKI 
ALFA ROMERO,ALFA ROMEO
B M W,BMW
B.M.W.,BMW
M. BENZ,MERCEDES BENZ
MERSEDES BENZ,MERCEDES BENZ
MECEDES BENZ,MERCEDES BENZ
M.BENZ,MERCEDES BENZ
CITROËN,CITROEN
CITROEN 3CV,CITROEN
CHRYSLER-DODGE,CHRYSLER 
CHRYSLER DODGE,CHRYSLER
sin especificacion,?
--,?
peugeot 306 xrd,PEUGEOT
peugeot 504 srd,PEUGEOT
peugeot 505 diesel,PEUGEOT
fiat 619,FIAT
no posee,?
-024-chevrolet,Chevrolet
reneult,renault
renualt,renault
jeep gladiator 500,jeep
renault (033),renault
renault 12 tl,renault
-112-renault,renault
nissan (102),nissan
-136-volkswagen,VOLKSWAGEN
-047- ford,ford
-130- toyota,toyota
renult,renault
renaul,renault
renautl,renault
renault 21,renault
renault 9 rn,renault
-112- renault,renault
-058-hyundai,hyundai
-102-nissan,nissan
-044-fiat,fiat
kia motors,kia
renault 18 txe,renault
renault (112),renault
182	no consta,?
prati-fruehauf,fruehauf
fruerhauf,fruehauf
prati fruehauf,fruehauf
chrysler ,chrysler
gmc  chevette,gmc chevette
gmc chevette (general motors corporation),gmc chevette
no consta,?
daewo,?
deutz - agrale,deutz-agrale
deutz agrale,deutz-agrale
gmc 500,gmc chevette
jeep estanciera, jeep
mitsibishi,mitsubishi
nissan diesel,nissan
reanult, renault
sin marca,?
ssanyong,ssangyong
suzuki swift  sedan nlx,suzuki
daihatsu,otro
subaru,otro
volvo,otro
galloper,otro
gmc chevette,otro
salto,otro
hermann,otro
bonano,otro
helvetica,otro
rutera,otro
lifan,otro
ram,otro
tata,otro
randon,otro
opel,otro
agrale,otro
montenegro,otro
petinari,otro
smart,otro
gmc,otro
ast-pra,otro
pincen,otro
el detalle,otro
rastrojero diesel,otro
cormetal,otro
dacia,otro
deutz-agrale,otro
ds,otro
mic,otro
fruehauf,otro
lada,otro
porsche,otro
a.f.f.,otro
maldonado,otro
sola y brusa,otro
dfm,otro
dfsk,otro
gomatro,otro
rimek,otro
torino,otro
astivia,otro
el fierro,otro
general motors,otro
golondrina,otro
grassani,otro
innocenti,otro
lambert,otro
patronelli,otro
polaris,otro
saab,otro
trenquemolque,otro
asia,otro
comar,otro
gamma,otro
montebras,otro
ombu,otro
pluscarga,otro
aeolus,otro
aro,otro
baic,otro
bedford,otro
depaoli,otro
el grillo,otro
fangio,otro
freightliner,otro
jac,otro
manque,otro
nakai,otro
oltcit,otro
pratti,otro
proton,otro
rambler ika,otro
ranault,otro
saab scania,otro
sanxing,otro
aff,otro
aiello,otro
arctic cat,otro
belgrano met.bel.srl,otro
changan,otro
ciadea sa,otro
continental,otro
coquito,otro
crescente,otro
di tella,otro
dimex,otro
dong feng,otro
duna sdl 1.3,otro
facchini,otro
fargo,otro
fso,otro
furgon,otro
gaz,otro
geely,otro
grosspal,otro
gruas san blas,otro
h.c. mancini,otro
h.e.martellono,otro
heil,otro
iderol,otro
indecar,otro
integral,otro
international manufacture,otro
jmc,otro
lexus,otro
liaz,otro
lomac,otro
luis iglesias,otro
mactrail,otro
marcelini,otro
maruti,otro
milei,otro
montrailer,otro
morales,otro
navatuc nt,otro
niño jesus de praga,otro
noma,otro
pick up,otro
prati,otro
rambler-ika,otro
romapar,otro
samsung,otro
santana,otro
saturni,otro
seat cordoba azul,otro
sevel,otro
shineray,otro
star,otro
t.m.,otro
torresi,otro
ultrans,otro
vulcano,otro
vw,otro
vw senda nafta,otro
willys,otro
yuejin,otro
